motores_economicos_id,denominacion,horas,identificador,modalidad_id
Agrícola,APICULTOR,186,9901S320174,Curso
Agrícola,CRIADOR DE OVINOS Y CAPRINOS,416,9901S320176,Curso
Agrícola,CULTIVADOR (A) AGROECOLÓGICO DE CAFÉ,536,9901S320177,Curso
Agrícola,CULTIVADOR DE ALGODÓN,426,9901S320178,Curso
Agrícola,CUNICULTOR (A),276,9901S320179,Curso
Agrícola,ELABORADOR (A) DE PRODUCTOS A BASE DE PULPA DE FRUTAS,766,9901S320180,Curso
Agrícola,FRUTICULTOR (A),516,9901S320181,Curso
Agrícola,OPERADOR (A) DE MAQUINARIAS Y EQUIPOS AGRÍCOLAS,466,9901S320182,Curso
Agrícola,OPERADOR (A) DE SISTEMA DE RIEGO POR GRAVEDAD,366,9901S320183,Curso
Agrícola,PESCADOR ARTESANAL,566,9901S320184,Curso
Agrícola,PROCESADOR (A) DE CAFÉ,546,9901S320186,Curso
Agrícola,PROCESADOR DE ALIMENTOS CONCENTRADOS PARA ANIMALES,502,9901S320185,Curso
Agrícola,PROCESADOR Y CONSERVADOR DE ALIMENTOS,502,9901S320187,Curso
Agrícola,PRODUCTOR (A) AVÍCOLA,306,0103S120002,Curso
Agrícola,PRODUCTOR (A) DE HORTALIZAS,466,9901S320190,Curso
Agrícola,PRODUCTOR AGRÍCOLA: PISCÍCOLA,566,9901S320188,Curso
Agrícola,MANEJO AGROECOLÓGICO DEL CAFETAL,226,9901E220002,Especializacion
Agrícola,ADMINISTRACIÓN DE EMPRESAS AGROPECUARIAS,186,9901C320268,Curso
Agrícola,AGROECOLOGÍA Y DESARROLLO SUSTENTABLE,199,9901C120241,Curso
Agrícola,AHUMADO DE PESCADO,186,9901C120238,Curso
Agrícola,ASISTENCIA AL VETERINARIO,306,9901C320255,Curso
Agrícola,CONSTRUCCIÓN Y REPARACIÓN DE ARTES DE PESCA,286,9901C120240,Curso
Agrícola,CONTROL DE ENFERMEDADES DEL CACAO,55,9901C220204,Curso
Agrícola,CRÍA DE AVESTRUZ,366,9901C320269,Curso
Agrícola,CRÍA DE BÚFALOS,326,9901C120250,Curso
Agrícola,CRÍA DE CERDOS,306,9901C320253,Curso
Agrícola,CRÍA DE POLLOS DE ENGORDE,286,9901C120236,Curso
Agrícola,CULTIVO DE ARROZ,509,9901C320256,Curso
Agrícola,CULTIVO DE CACAO,366,9901C320257,Curso
Agrícola,CULTIVO DE CAÑA DE AZUCAR,356,9901C320270,Curso
Agrícola,CULTIVO DE FLORES DE CORTE,386,9901C320258,Curso
Agrícola,CULTIVO DE HIDROPONIA,266,9901C320262,Curso
Agrícola,CULTIVO DE LECHOSA,266,9901C120244,Curso
Agrícola,CULTIVO DE LEGUMINOSAS,416,9901C120248,Curso
Agrícola,CULTIVO DE MAÍZ,266,9901C120249,Curso
Agrícola,CULTIVO DE MELÓN,266,9901C120234,Curso
Agrícola,CULTIVO DE MUSÁCEAS,266,9901C320259,Curso
Agrícola,CULTIVO DE PALMA ACEITERA AFRICANA,366,9901C320271,Curso
Agrícola,CULTIVO DE PIÑA,266,9901C320261,Curso
Agrícola,CULTIVO DE RAÍCES Y TUBÉRCULOS,246,9901C120242,Curso
Agrícola,CULTIVO DE SOLANÁCEAS,376,9901C120279,Curso
Agrícola,CULTIVO DE SOYA,266,9901C320208,Curso
Agrícola,CULTIVO DE TRUCHAS,201,9901C120232,Curso
Agrícola,CULTIVO DE ZÁBILA,196,9901C320276,Curso
Agrícola,CULTIVOS ORGANOPÓNICOS,186,9901C320278,Curso
Agrícola,DISEÑO Y MANTENIMIENTO DE ÁREAS VERDES,506,9901C320254,Curso
Agrícola,ELABORACIÓN DE PRODUCTOS A BASE DE ZÁBILA,206,9901C320263,Curso
Agrícola,ELABORACIÓN DE PRODUCTOS CÁRNICOS AHUMADOS,186,9901C320272,Curso
Agrícola,ELABORACIÓN DE PRODUCTOS LÁCTEOS,231,9901C320273,Curso
Agrícola,EXPLOTACIÓN DE PONEDORAS,166,9901C120235,Curso
Agrícola,GRANJAS INTEGRALES,366,9901C120282,Curso
Agrícola,GRANJAS INTEGRALES,866,9901C320264,Curso
Agrícola,HUERTO FAMILIAR,266,0101C120003,Curso
Agrícola,INSEMINACIÓN ARTIFICIAL EN GANADO VACUNO,166,9901C120245,Curso
Agrícola,JARDINERÍA DE MANTENIMIENTO,266,9901C320265,Curso
Agrícola,LOMBRICULTURA,166,9901C120231,Curso
Agrícola,MANEJO DE CONTROLADORES BIOLÓGICOS,65,9901C120284,Curso
Agrícola,MANEJO DE SUELOS Y FERTILIZANTES,226,9901C120289,Curso
Agrícola,"MANEJO INTEGRADO DE PLAGAS, ENFERMEDADES Y MALEZAS EN LOS CULTIVOS",286,9901C120283,Curso
Agrícola,MANEJO SANITARIO DE BOVINOS,136,9901C120285,Curso
Agrícola,MECÁNICA Y MANEJO DE MAQUINARIAS AGRÍCOLAS,266,9901C120251,Curso
Agrícola,MOTORISTA DE SEGUNDA CLASE,986,9901C320274,Curso
Agrícola,OPERADOR DE RIEGO,186,9901C320266,Curso
Agrícola,PATRÓN DE SEGUNDA CLASE,1246,9901C320277,Curso
Agrícola,PROCESAMIENTO DEL CACAO,276,9921C120011,Curso
Agrícola,PROCESAMIENTO DE YUCA,241,9901C320267,Curso
Agrícola,PROCESAMIENTO Y CONSERVACIÓN DE ALIMENTOS,326,9921C110018,Curso
Agrícola,PROCESAMIENTO Y CONSERVACIÓN DE TOMATES,60,9901C120246,Curso
Agrícola,PRODUCCIÓN DE BIOGAS Y BIABONO CON EL USO DEL BIODIGESTOR,156,9901C120286,Curso
Agrícola,PRODUCCIÓN DE GANADO BOVINO DE DOBLE PROPÓSITO (LECHE Y CARNE),266,9901C320252,Curso
Agrícola,PRODUCCIÓN DE PASTOS Y FORRAJES,216,9901C320275,Curso
Agrícola,RECICLAJE DE DESECHOS ORGÁNICOS,206,9901C120287,Curso
Agrícola,REFRIGERACIÓN NAVAL,266,9901C120288,Curso
Agrícola,USO Y MANTENIMIENTO DE TRACTORES E IMPLEMENTOS AGRÍCOLAS,306,9901C120233,Curso
Agrícola,VIVERISTA PROPAGADOR DE PLANTAS,366,9901C120247,Curso
Nuevo Modelo de Gestión,ADMINISTRACIÓN PARA PERSONAL DE APOYO,35,9999T210001,Taller
Nuevo Modelo de Gestión,CONSTRUCCIÓN COLECTIVA DE LA SENSIBILIZACIÓN,4,9999T120002,Taller
Nuevo Modelo de Gestión,ADMINISTRACIÓN DE ASOCIACIONES COOPERATIVAS (PRINCIPIOS BÁSICOS),40,9905C110219,Curso
Nuevo Modelo de Gestión,ADMINISTRACIÓN DE LA PEQUEÑA Y MEDIANA EMPRESA,226,9960C110295,Curso
Nuevo Modelo de Gestión,ALMACÉN,216,9956C320302,Curso
Nuevo Modelo de Gestión,ANÁLISIS E INTERPRETACIÓN DE LOS ESTADOS FINANCIEROS,38,9956C120303,Curso
Nuevo Modelo de Gestión,AUDITORIA FINANCIERA,166,9956C220296,Curso
Nuevo Modelo de Gestión,AUXILIAR DE AUDITORIA,296,9956C320301,Curso
Nuevo Modelo de Gestión,AUXILIAR DE CONTABILIDAD,426,9956C120293,Curso
Nuevo Modelo de Gestión,BÁSICO DE RELACIONES PÚBLICAS,176,9996C110298,Curso
Nuevo Modelo de Gestión,CAJERO INTEGRAL,266,9956C120294,Curso
Nuevo Modelo de Gestión,CONSTITUCIÓN DE COOPERATIVAS COMO ORGANIZACIÓN Y PARTICIPACIÓN COMUNITARIA,50,9905C110218,Curso
Nuevo Modelo de Gestión,CONTABILIDAD,786,9956C110305,Curso
Nuevo Modelo de Gestión,CONTABILIDAD BÁSICA,226,9956C120304,Curso
Nuevo Modelo de Gestión,CONTABILIDAD DE COSTOS,326,9956C220298,Curso
Nuevo Modelo de Gestión,CONTABILIDAD SUPERIOR,326,9956C220297,Curso
Nuevo Modelo de Gestión,FORMACIÓN SOCIOPOLÍTICA,40,9905C110223,Curso
Nuevo Modelo de Gestión,IMPUESTO SOBRE LA RENTA,186,9956C120292,Curso
Nuevo Modelo de Gestión,MANEJO DEFENSIVO EN CASOS DE TERREMOTOS,26,9958C220293,Curso
Nuevo Modelo de Gestión,MANEJO E INTERPRETACIÓN DE LA SERIE DE NORMAS COVENIN ISO 9000:2000,24,9996C120308,Curso
Nuevo Modelo de Gestión,MANEJO PREVENTIVO DE VEHÍCULOS,40,9965C110264,Curso
Nuevo Modelo de Gestión,NÓMINA DE PAGO,40,9958C110298,Curso
Nuevo Modelo de Gestión,ORTOGRAFÍA Y REDACCIÓN,40,9905C110221,Curso
Nuevo Modelo de Gestión,PREVENCIÓN Y EXTINCIÓN DE INCENDIOS,20,9958C220294,Curso
Nuevo Modelo de Gestión,PROYECTOS SOCIOECONÓMICOS (ASPECTOS BÁSICOS PARA SU FORMULACIÓN),30,9905C110222,Curso
Nuevo Modelo de Gestión,RECEPCIONISTA,496,9996C120310,Curso
Nuevo Modelo de Gestión,REDACCIÓN BÁSICA,40,9965C120266,Curso
Nuevo Modelo de Gestión,SEGURIDAD EN ESPACIOS CONFINADOS,20,9958C120292,Curso
Nuevo Modelo de Gestión,SEGURO SOCIAL OBLIGATORIO,40,9958C120301,Curso
Nuevo Modelo de Gestión,SERVICIO DE ATENCIÓN INTEGRAL EN EMERGENCIAS BOMBERILES,1386,9958C310300,Curso
Nuevo Modelo de Gestión,SERVICIOS BANCARIOS,20,9956C220290,Curso
Nuevo Modelo de Gestión,TÉCNICAS DE OFICINA,436,9956C320300,Curso
Nuevo Modelo de Gestión,TRABAJO SOCIAL COMUNITARIO,144,9998C310283,Curso
Nuevo Modelo de Gestión,VALORACIÓN ADUANERA,296,9996C320304,Curso
Nuevo Modelo de Gestión,ADMINISTRACIÓN DEL EFECTIVO,20,9956C220278,Curso
Nuevo Modelo de Gestión,ADMINISTRACIÓN PRESUPUESTARIA,20,9956C220279,Curso
Nuevo Modelo de Gestión,ATENCIÓN AL PÚBLICO,30,9956C220280,Curso
Nuevo Modelo de Gestión,BÁSICO DE SUPERVISIÓN,20,9960C220281,Curso
Nuevo Modelo de Gestión,CÁLCULO DE PRESTACIONES SOCIALES,40,9956C110295,Curso
Nuevo Modelo de Gestión,COMUNICACIÓN EN LA EMPRESA,20,9958C220286,Curso
Nuevo Modelo de Gestión,CONTRATO Y CONDICIONES DE TRABAJO,20,9958C110299,Curso
Nuevo Modelo de Gestión,DESARROLLO ORGANIZACIONAL,40,9960C220293,Curso
Nuevo Modelo de Gestión,DIRECCIÓN DE REUNIONES,20,9960C220284,Curso
Nuevo Modelo de Gestión,DIRECCIÓN DE VENTAS,40,9956C110291,Curso
Nuevo Modelo de Gestión,ELABORACIÓN DE PRESUPUESTOS,60,9956C220283,Curso
Nuevo Modelo de Gestión,EXCELENCIA EN LA CALIDAD DE SERVICIOS,20,9958C320287,Curso
Nuevo Modelo de Gestión,EXPRESIÓN ORAL EFECTIVA,25,9960C220285,Curso
Nuevo Modelo de Gestión,GERENCIA DE MERCADEO,40,9960C220292,Curso
Nuevo Modelo de Gestión,HIGIENE Y SEGURIDAD OCUPACIONAL,20,9958C220288,Curso
Nuevo Modelo de Gestión,LIDERAZGO Y CULTURA ORGANIZACIONAL,20,9960C220287,Curso
Nuevo Modelo de Gestión,ORGANIZACIÓN Y ADMINISTRACIÓN DEL TRABAJO,16,9958C220289,Curso
Nuevo Modelo de Gestión,PLANIFICACIÓN DE LA PRODUCCIÓN Y COSTOS,30,9956C220281,Curso
Nuevo Modelo de Gestión,REDACCIÓN DE CORRESPONDENCIA,20,9996C120309,Curso
Nuevo Modelo de Gestión,REDACCIÓN DE INFORMES TÉCNICOS,20,9958C220290,Curso
Nuevo Modelo de Gestión,RELACIONES HUMANAS,30,9958C120297,Curso
Nuevo Modelo de Gestión,SEGURIDAD INDUSTRIAL Y AMBIENTE DE TRABAJO,20,9960C220289,Curso
Nuevo Modelo de Gestión,SEGURIDAD Y VIGILANCIA PRIVADA,186,9996C120302,Curso
Nuevo Modelo de Gestión,SUELDOS Y SALARIOS,20,9960C220290,Curso
Nuevo Modelo de Gestión,SUPERVISIÓN AVANZADA,20,9960C220291,Curso
Nuevo Modelo de Gestión,TÉCNICAS DE NEGOCIACIÓN,20,9960C220280,Curso
Nuevo Modelo de Gestión,MANEJO DE INTERNET,20,9971C320249,Curso
Comunicaciones,PROGRAMACIÓN,796,9971C120266,Curso
Comunicaciones,SISTEMAS DE TELECOMUNICACIONES,598,9930C220286,Curso
Industrias,CERÁMICA ARTÍSTICA,296,9904C320269,Curso
Industrias,CERÁMICA TRADICIONAL,236,9904C320274,Curso
Industrias,CESTERÍA,218,9904C120268,Curso
Industrias,DIBUJANTE,456,9907S320108,Salida Ocupacional
Industrias,ENCUADERNADOR,506,9907S120107,Salida Ocupacional
Industrias,SERIGRAFISTA,466,9907S320110,Salida Ocupacional
Industrias,TARJETERÍA ARTÍSTICA,186,9904C120267,Curso
Industrias,ANALISTA DE MATERIALES METÁLICOS,436,9929S320142,Salida Ocupacional
Industrias,CARPINTERO INDUSTRIAL,696,9932S120142,Salida Ocupacional
Industrias,CONSERVADOR DE NAVIOS,1166,9999S120111,Salida Ocupacional
Industrias,CONTROLES PARA MOTORES ELÉCTRICOS,241,9927S420154,Salida Ocupacional
Industrias,ELECTRICIDAD NAVAL,266,9927S120152,Salida Ocupacional
Industrias,ELECTRICISTA GENERAL,741,9927S320153,Salida Ocupacional
Industrias,HERRERO,686,9943S120145,Salida Ocupacional
Industrias,LATONERO DE AUTOMÓVILES,786,9935S120152,Salida Ocupacional
Industrias,MECÁNICO DE BOMBAS DE AGUA,226,9940S320133,Salida Ocupacional
Industrias,MECÁNICO DE MANTENIMIENTO INDUSTRIAL,726,9940S320134,Salida Ocupacional
Industrias,MECÁNICO DE MÁQUINAS DE COSER,546,9940S320135,Salida Ocupacional
Industrias,MECANICO DE MAQUINAS DE HILANDERIA,766,9915S320143,Salida Ocupacional
Industrias,MECANICO DE MAQUINAS DE TEJEDURIA,646,9915S320154,Salida Ocupacional
Industrias,MECANICO DE MOTORES DIESEL,766,9938S320151,Salida Ocupacional
Industrias,MONTADOR E INSTALADOR DE SISTEMAS NAVALES PARA CONSTRUCCIÓN Y REPARACIÓN NAVAL EN C.D.C,1102,0601S320002,Salida Ocupacional
Industrias,PROCESADOR (A) INDUSTRIAL DE PLÁTANO,264,9921S110123,Salida Ocupacional
Industrias,SOLDADOR DE PROCESOS O.A.W Y S.M.A.W,716,9943S320146,Salida Ocupacional
Industrias,SOLDADOR NAVAL,1266,9999S120110,Salida Ocupacional
Industrias,TAPICERO DE MUEBLES Y AUTOS,666,9953S320106,Salida Ocupacional
Industrias,AFILADO DE BROCAS Y CUCHILLAS,45,9943C120302,Curso
Industrias,AIRE ACONDICIONADO PARA AUTOMÓVILES,241,9951C320006,Curso
Industrias,AJUSTE MECÁNICO,506,9940C120310,Curso
Industrias,ALINEACIÓN Y TREN DELANTERO,266,9938C320020,Curso
Industrias,ALUMBRADO ELÉCTRICO,211,9927C120266,Curso
Industrias,BÁSICO DE ELECTRICIDAD DE MANTENIMIENTO,186,9927C320265,Curso
Industrias,BÁSICO DE MANTENIMIENTO INDUSTRIAL,236,9940C120292,Curso
Industrias,BÁSICO DE REFRIGERACIÓN,266,9951C110009,Curso
Industrias,BOBINADO DE ESTATORES DE MOTORES ELÉCTRICOS,241,9927C120267,Curso
Industrias,BORDADO A MANO,266,9915C120019,Curso
Industrias,CABILLERO ARMADOR,286,9924C120265,Curso
Industrias,CALDERERÍA,1416,9941C120001,Curso
Industrias,CARPINTERÍA BÁSICA,366,9932C320011,Curso
Industrias,CARPINTERÍA COUNTRY,466,9932C120006,Curso
Industrias,CARPINTERÍA EN FÓRMICA,726,9932C120007,Curso
Industrias,CARPINTERÍA RÚSTICA,716,9932C120012,Curso
Industrias,COMBUSTIBLES AUTOMOTRICES,40,9938C220007,Curso
Industrias,CONSTRUCCIÓN DE EMBARCACIONES EN MADERA,886,9932C320009,Curso
Industrias,CONSTRUCCIÓN DE GABINETES DE COCINA,366,9932C120013,Curso
Industrias,CONSTRUCCIÓN DE REJAS Y PUERTAS,216,9943C120295,Curso
Industrias,DESTREZAS Y PRINCIPIOS BÁSICOS DE ELECTRICIDAD,241,9927C320264,Curso
Industrias,DISEÑO GRÁFICO,1366,9907C120004,Curso
Industrias,EBANISTERÍA,666,9932C120014,Curso
Industrias,ELABORACION DE ALPARGATAS,160,9996C120313,Curso
Industrias,ELABORACION DE PRODUCTOS EN MADERA PINO CARIBE,960,0401C310001,Curso
Industrias,ELABORACIÓN DE PUERTAS Y VENTANAS,466,9924C110261,Curso
Industrias,ELECTRICIDAD DEL AUTOMÓVIL,366,9938C320018,Curso
Industrias,ELECTRICIDAD GENERAL,666,9927C120258,Curso
Industrias,ELECTRICISTA BOBINADOR,726,9927C110268,Curso
Industrias,ELECTRÓNICA INDUSTRIAL PARA ELECTRICISTA,186,9929C120240,Curso
Industrias,"ENCENDIDO, CARBURACIÓN Y PUESTA A PUNTO DE MOTOR",60,9938C110024,Curso
Industrias,ENTONACIÓN DE MOTORES,141,9938C120013,Curso
Industrias,FUNDAMENTOS DE OLEOHIDRÁULICA INDUSTRIAL,55,9940C110305,Curso
Industrias,HERRERÍA APLICADA A LA CONSTRUCCIÓN,606,9943C120299,Curso
Industrias,HERRERÍA ARTÍSTICA,726,9943C120300,Curso
Industrias,HERRERÍA BÁSICA,216,9943C320298,Curso
Industrias,HERRERÍA EN ALUMINIO,166,9943C120289,Curso
Industrias,INSTALACIÓN DE TABLEROS ELÉCTRICOS,241,9929C120244,Curso
Industrias,INSTALACIONES ELÉCTRICAS,241,9927C320262,Curso
Industrias,LAQUEADO Y PULITURA DE MUEBLES,466,9932C320008,Curso
Industrias,LECTURA E INTERPRETACIÓN DE PLANOS (SOLDADURA),242,9924C120279,Curso
Industrias,LUBRICACIÓN Y MANTENIMIENTO PREVENTIVO DE MÁQUINAS INDUSTRIALES,20,9940C120299,Curso
Industrias,LUBRICANTES EN MECÁNICA AUTOMOTRIZ,206,9938C220017,Curso
Industrias,MANEJO DE MONTACARGAS,146,9996C320312,Curso
Industrias,MANTENIMIENTO DE INSTALACIONES ELÉCTRICAS RESIDENCIALES,346,9927C120257,Curso
Industrias,"MANTENIMIENTO Y REPARACION DE MOTORES ELÉCTRICOS, TRANSFORMADORES Y BATERÍAS",241,9927C220261,Curso
Industrias,MÁQUINAS ELÉCTRICAS Y CONTROL,666,0601C120003,Curso
Industrias,MECÁNICA DE MANTENIMIENTO,1216,9940C120300,Curso
Industrias,MECÁNICA DE MANTENIMIENTO DE MOTORES MARINO DIESEL,206,9940C120307,Curso
Industrias,MECÁNICA DE MOTORES A GASOLINA,326,9938C320019,Curso
Industrias,MECÁNICA DE MOTORES DIESEL,616,9938C120016,Curso
Industrias,MECÁNICA DE MOTORES FUERA DE BORDA,254,9940C120287,Curso
Industrias,MECÁNICA DE REFRIGERACIÓN DOMÉSTICA,466,9951C320004,Curso
Industrias,MECÁNICA DE REFRIGERACIÓN Y AIRE ACONDICIONADO INDUSTRIAL,666,9940C320286,Curso
Industrias,MECÁNICA DE SISTEMAS DE INYECCIÓN DIESEL,60,9938C120014,Curso
Industrias,MECÁNICA DE TRANSMISIONES AUTOMÁTICAS,366,9938C320023,Curso
Industrias,MECÁNICA INDUSTRIAL,166,9940C110311,Curso
Industrias,MECÁNICO REPARADOR DE FRENOS,366,9938C320021,Curso
Industrias,METROLOGIA I,40,9940C120301,Curso
Industrias,METROLOGIA II,40,9940C120302,Curso
Industrias,OPERADOR DE REPRODUCCIÓN OFFSET,666,9907C120002,Curso
Industrias,ORFEBRERÍA ARTÍSTICA,416,9954C320002,Curso
Industrias,OXICORTE Y CORTE POR PLASMA,186,9940C120304,Curso
Industrias,PERFORADO Y ROSCADO A MANO,50,9940C120309,Curso
Industrias,PINTURA DE AUTOMÓVILES,626,9935C320005,Curso
Industrias,PREPARACIÓN DE COLOR DE REACABADO AUTOMOTRIZ,366,9935C320006,Curso
Industrias,REFRIGERACIÓN COMERCIAL,396,9951C320005,Curso
Industrias,REFRIGERACIÓN Y AIRE ACONDICIONADO,236,9940C120293,Curso
Industrias,REFRIGERACIÓN Y AIRE ACONDICIONADO DE USO DOMÉSTICO,236,9951C120007,Curso
Industrias,REPARACIÓN DE ARTEFACTOS ELECTRODOMESTICOS MENORES,286,9927C320263,Curso
Industrias,REPARACIÓN DE MOTORES FUERA DE BORDA,246,9938C320022,Curso
Industrias,REPARACIÓN DE SISTEMAS DE REFRIGERACIÓN Y AIRE ACONDICIONADO,1386,9951C120008,Curso
Industrias,ROSCADO EN TORNO,156,9943C120290,Curso
Industrias,SISTEMA DE FRENOS A.B.S.,60,9938C120015,Curso
Industrias,SISTEMA DE INYECCIÓN ELECTRÓNICA AUTOMOTRIZ,60,9938C120025,Curso
Industrias,SISTEMA DE INYECCIÓN Y CARBURACIÓN,266,9938C110026,Curso
Industrias,SOLDADURA BÁSICA,186,9943C120294,Curso
Industrias,SOLDADURA DE PLÁSTICO,20,9943C320285,Curso
Industrias,SOLDADURA ELÉCTRICA AL ARCO (PLANCHAS),396,9943C120291,Curso
Industrias,SOLDADURA ELÉCTRICA AL ARCO (TUBOS),226,9943C120292,Curso
Industrias,SOLDADURA ORBITAL,40,9943C320284,Curso
Industrias,SOLDADURA OXIACETILÉNICA,216,9943C120293,Curso
Industrias,SOLDADURAS ESPECIALES,146,9943C220296,Curso
Industrias,SOLDADURA UNIVERSAL,946,9924C110262,Curso
Industrias,TALLADO EN MADERA,226,9904C320277,Curso
Industrias,TAPICERÍA DE MUEBLES,666,9915C120028,Curso
Industrias,TAPICERÍA DE VEHÍCULO,466,9953C120004,Curso
Industrias,TINTES PENETRANTES,40,9935C110004,Curso
Industrias,TORNEADO CILÍNDRICO Y REFRENTADO,286,9940C220295,Curso
Industrias,TORNEADO CÓNICO,216,9943C120301,Curso
Industrias,TORNEADO MECÁNICO,750,9940C110291,Curso
Industrias,TUBERO FABRICADOR DE ELEMENTOS SOLDABLES,466,9943C320297,Curso
Industrias,CERÁMICA ARTÍSTICA,296,9904C320269,Curso
Industrias,CERÁMICA TRADICIONAL,236,9904C320274,Curso
Industrias,CESTERÍA,218,9904C120268,Curso
"Confección, Textil y Calzado",ELABORACIÓN DE HAMACAS Y CHINCHORROS,236,9904C320275,Curso
"Confección, Textil y Calzado",MUÑEQUERÍA,466,9904C320272,Curso
"Confección, Textil y Calzado",PINTURA SOBRE TELA,416,9904C320270,Curso
"Confección, Textil y Calzado",CONFECCIONISTA ARTESANAL,566,9915S120151,Salida Ocupacional
"Confección, Textil y Calzado",CONFECCIONISTA INDUSTRIAL DE PRENDAS DE VESTIR,566,9915S120152,Salida Ocupacional
"Confección, Textil y Calzado",CORTADOR(A) Y COSTURERO(A) DE CALZADO,766,9911S120135,Salida Ocupacional
"Confección, Textil y Calzado",DISEÑADOR Y MODELISTA DE CALZADO,766,9911S120133,Salida Ocupacional
"Confección, Textil y Calzado",ENSAMBLADOR Y EMPACADOR DE CALZADO,726,9911S120134,Salida Ocupacional
"Confección, Textil y Calzado",MODELISTA DE PATRONES INDUSTRIALES PARA PRENDAS DE VESTIR,516,9915S120149,Salida Ocupacional
"Confección, Textil y Calzado",OPERADOR DE TINTORERIA INDUSTRIAL,546,9915S120132,Salida Ocupacional
"Confección, Textil y Calzado",OPERADOR TEXTIL: HILANDERO,766,9915S120134,Salida Ocupacional
"Confección, Textil y Calzado",TALABARTERO,426,9915S120150,Salida Ocupacional
"Confección, Textil y Calzado",TRAZADOR CORTADOR,566,9915S120153,Salida Ocupacional
"Confección, Textil y Calzado",BÁSICO DE CONFECCIÓN INDUSTRIAL,186,9915C320023,Curso
"Confección, Textil y Calzado",BÁSICO DE SASTRERÍA,282,9915C120016,Curso
"Confección, Textil y Calzado",CONFECCIÓN DE BRAGAS,306,9915C320026,Curso
"Confección, Textil y Calzado",CONFECCIÓN DE CAMISAS PARA DAMAS Y CABALLEROS,186,9913C120001,Curso
"Confección, Textil y Calzado",CONFECCIÓN DE COJINES PARA MUEBLES,306,9953C120003,Curso
"Confección, Textil y Calzado",CONFECCIÓN DE LENCERÍA,186,9915C220020,Curso
"Confección, Textil y Calzado",CONFECCIÓN DE PRENDAS PARA BEBÉ,216,9915C120014,Curso
"Confección, Textil y Calzado",CONFECCIÓN DE ROPA INFANTIL,246,9915C120015,Curso
"Confección, Textil y Calzado",CONFECCIÓN DE ROPA ÍNTIMA,186,9915C120018,Curso
"Confección, Textil y Calzado",CONFECCIÓN DE TRAJES DE BAÑO,226,9915C320022,Curso
"Confección, Textil y Calzado",CONFECCIÓN DE UNIFORMES ESCOLARES,45,9913C120002,Curso
"Confección, Textil y Calzado",CONFECCIÓN DE VESTIDOS,186,9915C110031,Curso
"Confección, Textil y Calzado",CORTE Y COSTURA,366,9915C120017,Curso
"Confección, Textil y Calzado",CORTE Y COSTURA DE CUERO PARA BOLSOS Y CARTERAS,726,9909C320002,Curso
"Confección, Textil y Calzado",COSTURA DE CAMISAS,320,9915C110030,Curso
"Confección, Textil y Calzado",COSTURA DE PANTALONES,306,9915C320024,Curso
"Confección, Textil y Calzado",COSTURA DE TEJIDO DE PUNTO,306,9915C120029,Curso
"Confección, Textil y Calzado",COSTURA EN MÁQUINA OVERLOCK,186,9915C320025,Curso
"Confección, Textil y Calzado",ELABORACIÓN DE BOLSOS Y MORRALES EN TELAS,226,9915C220021,Curso
"Confección, Textil y Calzado",ELABORACIÓN DE PATRON BASE,136,9915C120013,Curso
"Confección, Textil y Calzado",PRINCIPIOS BÁSICOS DE CALIDAD EN EL PROCESO DE LA CONFECCIÓN,20,9915C120027,Curso
"Confección, Textil y Calzado",REPARACIÓN DE CALZADO,266,9911C120001,Curso
Turismo,ELABORACIÓN DE FIGURAS EN ANIME,146,9904C320276,Curso
Turismo,ELABORACIÓN DE PIÑATAS TRADICIONALES Y EN ANIME,266,9904C120278,Curso
Turismo,ANIMADOR - RECREADOR,366,9988S120091,Salida Ocupacional
Turismo,DISEÑADOR DE PROGRAMAS DE VIAJE,486,9988S120092,Salida Ocupacional
Turismo,ELABORADOR(A) DE DULCES CRIOLLOS,286,9921S120124,Salida Ocupacional
Turismo,ORGANIZADOR DE FERIAS REGIONALES,216,9988S120093,Salida Ocupacional
Turismo,PANADERO(A) ARTESANAL,566,9945S120085,Salida Ocupacional
Turismo,PASTELERO(A),521,9945S120084,Salida Ocupacional
Turismo,REPOSTERO(A),546,9945S120086,Salida Ocupacional
Turismo,ALTA REPOSTERÍA,216,9945C120004,Curso
Turismo,BANQUETES,30,9921C120019,Curso
Turismo,BÁSICO DE PANADERÍA,306,9945C120006,Curso
Turismo,BOMBONERÍA,166,9999C120004,Curso
Turismo,"CEREMONIAL, PROTOCOLO Y ETIQUETA",136,9988C120002,Curso
Turismo,COCINA,426,9921C320016,Curso
Turismo,COCINA BÁSICA,426,9921C320014,Curso
Turismo,COCINA DOMÉSTICA,366,9988C120003,Curso
Turismo,COCINA JAPONESA,60,9988C120004,Curso
Turismo,DISEÑO DE PLANES VACACIONALES,30,9996C110311,Curso
Turismo,DISEÑO DE RECORRIDOS TURÍSTICOS Y PROGRAMACIÓN DE VIAJES,166,9988C120005,Curso
Turismo,DULCERÍA CRIOLLA,186,9921C120012,Curso
Turismo,ELABORACIÓN DE FIGURAS DE HIELO,30,9988C120010,Curso
Turismo,ELABORACIÓN DE PASAPALOS,216,9921C320015,Curso
Turismo,ELABORACIÓN DE PRODUCTOS TÍPICOS DE LA REGIÓN,186,9988C120006,Curso
Turismo,ELABORACION DE TORTAS,186,9945C320007,Curso
Turismo,LEGISLACIÓN TURÍSTICA,30,9988C120007,Curso
Turismo,MARKETING TURÍSTICO,133,9988C120009,Curso
Turismo,ORGANIZACIÓN DE EVENTOS Y PROTOCOLO,176,9988C120008,Curso
Turismo,ORIENTACIÓN AL TURISMO,25,9988C320001,Curso
Turismo,PANADERÍA,466,9921C120013,Curso
Turismo,PANIFICACIÓN DOMÉSTICA,186,9945C120005,Curso
Turismo,POSADAS TURÍSTICAS,386,9986C110025,Curso
Turismo,PREPARACIÓN DE SALSAS,146,9921C120008,Curso
Turismo,RECEPCIÓN DE HOTEL,356,9986C120024,Curso
Turismo,REPOSTERÍA,326,9945C120003,Curso
Turismo,SERVICIO A LA VISTA DEL CLIENTE,146,9986C320017,Curso
Turismo,SERVICIO DE BAR,196,9986C320021,Curso
Turismo,SERVICIO DE BAR BÁSICO,186,9986C320014,Curso
Turismo,SERVICIO DE COMEDOR BÁSICO,306,9986C320015,Curso
Turismo,SERVICIO DE COMEDOR MEDIO,306,9986C320016,Curso
Turismo,SERVICIO DE HABITACIÓN,186,9986C320022,Curso
Turismo,SERVICIO DE LENCERÍA DE HOTELES,40,9986C320004,Curso
Turismo,SERVICIO DE VINOS,206,9986C320018,Curso
Turismo,SUPERVISIÓN DE PISOS APLICADA A LA HOTELERÍA,136,9986C320019,Curso
Turismo,TALLADO DE FIGURAS DECORATIVAS PARA EVENTOS,196,9986C320020,Curso
Turismo,INGLÉS AVANZADO,286,9968C220246,Curso
Turismo,INGLÉS BÁSICO,286,9968C320247,Curso
Turismo,INGLÉS INTERMEDIO,286,9968C320248,Curso
Turismo,INGLÉS PARA PERSONAL DE RECEPCIÓN (ATENCIÓN AL HUÉSPED),50,9968C120249,Curso
Turismo,INGLÉS PARA PERSONAL DE TRANSPORTE MARÍTIMO,166,9968C120245,Curso
Turismo,JOYERÍA ARTESANAL,266,9904C320271,Curso
Turismo,ALFARERO ARTESANAL,666,9924S320138,Salida Ocupacional
Tecnología,AUTOCAD,146,9971C220262,Curso
Tecnología,ELECTROTECNIA BÁSICA,246,9927C120260,Curso
Tecnología,MANTENIMIENTO Y REPARACIÓN DE PCS COMPATIBLES,156,9971C120265,Curso
Tecnología,ELABORACION DE PIEZAS Y PRODUCTOS EN METAL,320,9943T420001,Taller
Tecnología,AUXILIAR ELECTRONICO,766,9929S320141,Salida Ocupacional
Tecnología,APLICACIONES CON EQUIPOS PLC,20,9941C110002,Curso
Tecnología,ASISTENTE EN ORTOPROTESIS,1790,9940C320312,Curso
Tecnología,CIRCUITOS LÓGICOS,396,9929C120246,Curso
Tecnología,CONTROL ELÉCTRICO EN SISTEMAS NEUMÁTICOS Y OLEOHIDRÁULICOS,45,9940C110290,Curso
Tecnología,CONTROL ESTADÍSTICO DE CALIDAD APLICADO A PROCESOS MECATRÓNICOS (MÓDULO V DE MECATRÓNICA),60,9929C220234,Curso
Tecnología,ELECTRÓNICA,636,9929C120239,Curso
Tecnología,ELECTRÓNICA BÁSICA,396,9929C120237,Curso
Tecnología,ELECTRÓNICA DIGITAL,246,9929C120238,Curso
Tecnología,ENSAMBLAJE DE EQUIPO MECATRÓNICO BÁSICO (MÓDULO III DE MECATRÓNICA),383,9929C220233,Curso
Tecnología,HIDRÁULICA,466,9940C320297,Curso
Tecnología,HIDRÁULICA Y NEUMÁTICA APLICADA AL ÁREA AUTOMOTRIZ,60,9938C220008,Curso
Tecnología,INSTRUMENTACIÓN Y CONTROL DE PROCESOS TECNOLOGÍALES,546,9940C220294,Curso
Tecnología,MECANIZADO C.N.C. (TORNO Y FRESADORA),466,9940C320296,Curso
Tecnología,NEUMÁTICA,466,9940C320298,Curso
Tecnología,NEUMÁTICA TECNOLOGÍAL,161,9940C120303,Curso
Tecnología,OLEOHIDRÁULICA TECNOLOGÍAL,40,9940C120308,Curso
Tecnología,PROGRAMACIÓN CON EQUIPOS PLCS,136,9929C320242,Curso
Tecnología,PROGRAMACIÓN DEL MICROCONTROLADOR MÓDULO I (MECATRÓNICA),210,9929C220241,Curso
Tecnología,REPARACIÓN DE MICROCOMPUTADORAS,466,9929C320243,Curso
Tecnología,REPARACIÓN DE CELULARES,30,9929C120245,Curso
Tecnología,REPARACIÓN DE TV A COLOR,538,9929C120247,Curso
Construcción,"CONSTRUCCIÓN DE PAVIMENTOS DE CEMENTO, BALDOSAS Y GRANITO",186,9924C120264,Curso
Construcción,ELECTRICISTA DE LA CONSTRUCCIÓN,646,9927C120259,Curso
Construcción,AUXILIAR DE TOPOGRAFÍA,766,9924S320135,Salida Ocupacional
Construcción,DIBUJANTE DE ESTRUCTURAS,666,9924S320134,Salida Ocupacional
Construcción,DISEÑADOR (A) DE OBRAS BÁSICAS PARA LA CONSTRUCCIÓN,1026,9924S320132,Salida Ocupacional
Construcción,ELECTRICISTA DE LA CONSTRUCCIÓN,734,9924S320133,Salida Ocupacional
Construcción,PINTOR DE OBRAS,666,9924S320137,Salida Ocupacional
Construcción,ALBAÑILERÍA RURAL,366,9924C120255,Curso
Construcción,ANÁLISIS DE PRECIOS UNITARIOS,216,9924C220266,Curso
Construcción,AYUDANTE DE CONSTRUCCIÓN,366,9924C120256,Curso
Construcción,BÁSICO DE PLOMERÍA,226,9924C120257,Curso
Construcción,BÁSICO DE TOPOGRAFÍA,396,9924C110280,Curso
Construcción,CABILLERO,534,9924C320271,Curso
Construcción,CARPINTERÍA APLICADA A LA CONSTRUCCIÓN,616,9932C320010,Curso
Construcción,CÓMPUTOS MÉTRICOS,65,9924C220249,Curso
Construcción,CONSTRUCCIÓN DE FRISOS Y ENCALADOS EN PAREDES Y TECHO,166,9924C320272,Curso
Construcción,CONSTRUCCIÓN DE FUNDACIONES,266,9924C320274,Curso
Construcción,CONSTRUCCIÓN DE PAREDES DE BLOQUES DE ARCILLA Y CONCRETO,170,9924C320278,Curso
Construcción,ELABORACIÓN DE BLOQUES DE CONCRETO,166,9924C320273,Curso
Construcción,ELABORACIÓN DE BLOQUES DE TIERRA PRENSADA,166,9924C320268,Curso
Construcción,EMPADRONADOR CATASTRAL,296,9924C320275,Curso
Construcción,Impermeabilización,276,9924C220281,Curso
Construcción,INSTALACIÓN DE ARTEFACTOS SANITARIOS,136,9924C220267,Curso
Construcción,INSTALACIÓN EN TUBERÍAS DE PCV - PAVCO,166,9924C320269,Curso
Construcción,INSTALADOR DE CERÁMICA,366,9924C110259,Curso
Construcción,LECTURA E INTERPRETACIÓN DE PLANOS DE CONSTRUCCIÓN,226,9924C320277,Curso
Construcción,MANTENIMIENTO DE EDIFICACIONES CIVILES,666,9924C320270,Curso
Construcción,PINTURA DE OBRAS,246,9924C120263,Curso
Construcción,PLOMERÍA,714,9924C320276,Curso
Construcción,SEGURIDAD E HIGIENE INDUSTRIAL PARA EL TRABAJADOR DE LA CONSTRUCCIÓN,60,9924C110260,Curso
Construcción,TOPOGRAFÍA,486,9924C120254,Curso
Construcción,MANEJO DE TRENES,596,9996C120299,Curso
Construcción,MANTENIMIENTO DE VAGONES,691,9996C120301,Curso
Construcción,MANTENIMIENTO DE VÍA FÉRREA,602,9996C120300,Curso
Construcción,OPERACIÓN EN SALA DE CONTROL,440,9996C220303,Curso
Construcción,MANEJO DE MONTACARGAS,80,9996C320312,Curso
